{"cameraMode":{"drawMode":0,"name":"Shaded","section":"Shading Mode"},"sceneLighting":true,"audioPlay":false,"sceneViewState":{"m_AlwaysRefresh":false,"showFog":true,"showSkybox":true,"showFlares":true,"showImageEffects":true,"showParticleSystems":true,"showVisualEffectGraphs":true,"m_FxEnabled":true},"in2DMode":false,"pivot":{"x":-0.9909115433692932,"y":-0.25503626465797427,"z":-1.4627960920333863},"rotation":{"x":-0.02563953772187233,"y":0.9474782347679138,"z":-0.07864541560411453,"w":-0.3090776801109314},"size":1.7110604047775269,"orthographic":false}